{
    "counter": {
        "ACTIVE": 30,
        "INACTIVE": 9,
        "INVALID": 0,
        "MALICIOUS": 0,
        "SANE": 0,
        "VALID": 0,
        "total": 39
    },
    "percentage": {
        "ACTIVE": 78.94736842105263,
        "INACTIVE": 23.076923076923077,
        "INVALID": 0,
        "MALICIOUS": 0,
        "SANE": 0,
        "VALID": 0,
        "total": 102.02429149797571
    }
}