{
    "counter": {
        "ACTIVE": 28,
        "INACTIVE": 1,
        "INVALID": 0,
        "MALICIOUS": 0,
        "SANE": 0,
        "VALID": 0,
        "total": 29
    },
    "percentage": {
        "ACTIVE": 96.55172413793103,
        "INACTIVE": 8.333333333333334,
        "INVALID": 0,
        "MALICIOUS": 0,
        "SANE": 0,
        "VALID": 0,
        "total": 104.88505747126436
    }
}